Workbook

Sheet Sales
A1: order_id | B1: date | C1: city | D1: category | E1: units | F1: unit_price | G1: revenue | H1: region | I1: Result | J1: Result2 | K1: value_band | L1: city_clean | M1: year | N1: month | O1: manager | P1: days_since_order
A2: 1004 | B2: 46267 | C2: Nashik | D2: Grocery | E2: 12 | F2: 80 | G2: =E2*F2 -> 960 | H2: West | I2: =SUM(H2:H9) -> 0 | J2: =SUM(#REF!) -> #REF! | K2: =IF(G2>=1000,"High","Low") -> Low | L2: =TRIM(C2) -> Nashik | M2: =YEAR(B2) -> 2026 | N2: =MONTH(B2) -> 9 | O2: =VLOOKUP(C2,CityMaster!$A$2:$C$6,3,FALSE) -> meera | P2: =DATEDIF(B2,TODAY(),"d") -> 55
A3: 1001 | B3: 46266 | C3: Pune | D3: Stationery | E3: 10 | F3: 25 | G3: =E3*F3 -> 250 | H3: =VLOOKUP(C2,CityMaster!$A$2:$B$6,2,FALSE) -> West | I3: =AVERAGE(H2:H9) -> #DIV/0! | J3: =AVERAGE(#REF!) -> #REF! | K3: =IF(G3>=1000,"High","Low") -> Low | L3: =TRIM(C3) -> Pune | M3: =YEAR(B3) -> 2026 | N3: =MONTH(B3) -> 9 | O3: =VLOOKUP(C3,CityMaster!$A$2:$C$6,3,FALSE) -> Asha | P3: =DATEDIF(B3,TODAY(),"d") -> 56
A4: 1007 | B4: 46269 | C4: Nashik | D4: Stationery | E4: 8 | F4: 15 | G4: =E4*F4 -> 120 | H4: =VLOOKUP(C3,CityMaster!$A$2:$B$6,2,FALSE) -> West | I4: =COUNT(B2:B9) -> 8 | J4: =COUNT(C2:C9) -> 0 | K4: =IF(G4>=1000,"High","Low") -> Low | L4: =TRIM(C4) -> Nashik | M4: =YEAR(B4) -> 2026 | N4: =MONTH(B4) -> 9 | O4: =VLOOKUP(C4,CityMaster!$A$2:$C$6,3,FALSE) -> meera | P4: =DATEDIF(B4,TODAY(),"d") -> 53
A5: 1006 | B5: 46268 | C5: Pune | D5: Grocery | E5: 6 | F5: 55 | G5: =E5*F5 -> 330 | H5: =VLOOKUP(C4,CityMaster!$A$2:$B$6,2,FALSE) -> West | I5: =COUNTA(D2:D9) -> 8 | J5: =COUNTA(E2:E9) -> 8 | K5: =IF(G5>=1000,"High","Low") -> Low | L5: =TRIM(C5) -> Pune | M5: =YEAR(B5) -> 2026 | N5: =MONTH(B5) -> 9 | O5: =VLOOKUP(C5,CityMaster!$A$2:$C$6,3,FALSE) -> Asha | P5: =DATEDIF(B5,TODAY(),"d") -> 54
A6: 1003 | B6: 46267 | C6: Pune | D6: Stationery | E6: 4 | F6: 40 | G6: =E6*F6 -> 160 | H6: =VLOOKUP(C5,CityMaster!$A$2:$B$6,2,FALSE) -> West | I6: =MIN(H2:H9) -> 0 | J6: =MIN(#REF!) -> #REF! | K6: =IF(G6>=1000,"High","Low") -> Low | L6: =TRIM(C6) -> Pune | M6: =YEAR(B6) -> 2026 | N6: =MONTH(B6) -> 9 | O6: =VLOOKUP(C6,CityMaster!$A$2:$C$6,3,FALSE) -> Asha | P6: =DATEDIF(B6,TODAY(),"d") -> 55
A7: 1008 | B7: 46269 | C7: Mumbai | D7: Grocery | E7: 3 | F7: 90 | G7: =E7*F7 -> 270 | H7: =VLOOKUP(C6,CityMaster!$A$2:$B$6,2,FALSE) -> West | I7: =MAX(H2:H9) -> 0 | J7: =MAX(#REF!) -> #REF! | K7: =IF(G7>=1000,"High","Low") -> Low | L7: =TRIM(C7) -> Mumbai | M7: =YEAR(B7) -> 2026 | N7: =MONTH(B7) -> 9 | O7: =VLOOKUP(C7,CityMaster!$A$2:$C$6,3,FALSE) -> Rahul | P7: =DATEDIF(B7,TODAY(),"d") -> 53
A8: 1002 | B8: 46266 | C8: Mumbai | D8: Electronics | E8: 2 | F8: 1500 | G8: =E8*F8 -> 3000 | H8: =VLOOKUP(C7,CityMaster!$A$2:$B$6,2,FALSE) -> West | K8: =IF(G8>=1000,"High","Low") -> High | L8: =TRIM(C8) -> Mumbai | M8: =YEAR(B8) -> 2026 | N8: =MONTH(B8) -> 9 | O8: =VLOOKUP(C8,CityMaster!$A$2:$C$6,3,FALSE) -> Rahul | P8: =DATEDIF(B8,TODAY(),"d") -> 56
A9: 1005 | B9: 46268 | C9: Mumbai | D9: Electronics | E9: 1 | F9: 2200 | G9: =E9*F9 -> 2200 | H9: =VLOOKUP(C8,CityMaster!$A$2:$B$6,2,FALSE) -> West | K9: =IF(G9>=1000,"High","Low") -> High | L9: =TRIM(C9) -> Mumbai | M9: =YEAR(B9) -> 2026 | N9: =MONTH(B9) -> 9 | O9: =VLOOKUP(C9,CityMaster!$A$2:$C$6,3,FALSE) -> Rahul | P9: =DATEDIF(B9,TODAY(),"d") -> 54

Sheet CityMaster
A1: city | B1: region | C1: manager
A2: Pune | B2: West | C2: Asha
A3: Mumbai | B3: West | C3: Rahul
A4: Nashik | B4: West | C4: meera
A5: Bengaluru | B5: South
A6: Delhi | B6: North

Sheet Settings
A1: setting | B1: value
A2: High_Revenue_Threshold | B2: 1000
A3: Currency | B3: INR
A4: Report_Month | B4: 46266

Sheet Analysis
A1: KPI | B1: Result | C1: Column1 | D1: month | E1: revenue | G1: SUBTOTAL Revenue | H1: SUM Revenue
A2: Total Revenue | B2: =SUM(Sales!G2:G9) -> 7290 | D2: 9 | E2: =SUMIF(SalesTable[month],D2,SalesTable[revenue]) -> 7290 | G2: =SUBTOTAL(9,SalesTable[revenue]) -> 7290 | H2: =SUM(SalesTable[revenue]) -> 7290
A3: Average Units | B3: =AVERAGE(SalesTable[units]) -> 5.75 | D3: 9 | E3: =SUMIF(SalesTable[month],D3,SalesTable[revenue]) -> 7290
A4: Number of Orders | B4: =COUNTA(Sales!A2:A9) -> 8 | D4: 9 | E4: =SUMIF(SalesTable[month],D4,SalesTable[revenue]) -> 7290
A5: Grocery Orders | B5: =COUNTIF(Sales!D2:D9,"Grocery") -> 3 | D5: 9 | E5: =SUMIF(SalesTable[month],D5,SalesTable[revenue]) -> 7290
A6: Pune Orders | B6: =COUNTIF(SalesTable[city],"Pune") -> 3 | D6: 9 | E6: =SUMIF(SalesTable[month],D6,SalesTable[revenue]) -> 7290
A7: Highest Revenue | B7: =MAX(Sales!G2:G9) -> 3000 | D7: 9 | E7: =SUMIF(SalesTable[month],D7,SalesTable[revenue]) -> 7290
A8: Lowest Revenue | B8: =MIN(Sales!G2:G9) -> 120 | D8: 9 | E8: =SUMIF(SalesTable[month],D8,SalesTable[revenue]) -> 7290
A9: Nashik Manager | B9: =VLOOKUP("Nashik",CityMaster!A2:C6,3,FALSE) -> meera | D9: 9 | E9: =SUMIF(SalesTable[month],D9,SalesTable[revenue]) -> 7290
A10: Mumbai Electronics Revenue | B10: =SUMIFS(SalesTable[revenue],SalesTable[city],"Mumbai",SalesTable[category],"Electronics") -> 5200 | D10: 9 | E10: =SUMIF(SalesTable[month],D10,SalesTable[revenue]) -> 7290
A11: Category | B11: Orders | C11: Total Revenue | D11: 9 | E11: =SUMIF(SalesTable[month],D11,SalesTable[revenue]) -> 7290
A12: Stationery | B12: =COUNTIF(SalesTable[category],A12) -> 3 | C12: =SUMIF(SalesTable[category],A12,SalesTable[revenue]) -> 530 | D12: 9 | E12: =SUMIF(SalesTable[month],D12,SalesTable[revenue]) -> 7290
A13: Electronics | B13: =COUNTIF(SalesTable[category],A13) -> 2 | C13: =SUMIF(SalesTable[category],A13,SalesTable[revenue]) -> 5200 | D13: 9 | E13: =SUMIF(SalesTable[month],D13,SalesTable[revenue]) -> 7290
A14: Grocery | B14: =COUNTIF(SalesTable[category],A14) -> 3 | C14: =SUMIF(SalesTable[category],A14,SalesTable[revenue]) -> 1560 | D14: 9 | E14: =SUMIF(SalesTable[month],D14,SalesTable[revenue]) -> 7290
A15: Grand Total | B15: =SUM(B12:B14) -> 8 | C15: =SUM(C12:C14) -> 7290 | D15: 9 | E15: =SUMIF(SalesTable[month],D15,SalesTable[revenue]) -> 7290
D16: 9 | E16: =SUMIF(SalesTable[month],D16,SalesTable[revenue]) -> 7290
